<?xml version="1.0" encoding="UTF-8"?>
<project-private xmlns="http://www.netbeans.org/ns/project-private/1">
    <editor-bookmarks xmlns="http://www.netbeans.org/ns/editor-bookmarks/2" lastBookmarkId="0"/>
    <open-files xmlns="http://www.netbeans.org/ns/projectui-open-files/2">
        <group>
            <file>file:/D:/gy/Gym-Management-System-main/src/ListOfMembers.java</file>
            <file>file:/D:/gy/Gym-Management-System-main/src/AssignTrainer.java</file>
            <file>file:/D:/gy/Gym-Management-System-main/src/payment.java</file>
            <file>file:/D:/gy/Gym-Management-System-main/src/home.java</file>
            <file>file:/D:/gy/Gym-Management-System-main/src/images/panel%20backgroung.png</file>
            <file>file:/D:/gy/Gym-Management-System-main/src/UpdateDeleteTrainer.java</file>
            <file>file:/D:/gy/Gym-Management-System-main/src/login.java</file>
            <file>file:/D:/gy/Gym-Management-System-main/src/newTrainer.java</file>
            <file>file:/D:/gy/Gym-Management-System-main/src/UpdateDeleteMember.java</file>
            <file>file:/D:/gy/Gym-Management-System-main/src/NewMember.java</file>
            <file>file:/D:/gy/Gym-Management-System-main/src/listOfTrainer.java</file>
        </group>
    </open-files>
</project-private>
